Courses,a,b,c,d,e,f,g,h,i,j,k,sum,mean,Std Dev,Skewness,Kurtosis
1,3.6,9.7,6.6,8.46,3.92,7.66,9.19,7.53,5.31,3.03,4.83,69.83,6.348181818,2.340789688,-0.02168491,-1.505762353
2,6.52,8.13,9.74,8.58,10,8.13,8.71,9.19,9.09,6.96,7.41,92.46,8.405454545,1.109859123,-0.311352115,-0.754338417
3,5.58,5,7.92,9.81,4.14,8.57,9.98,5.11,5.06,6.89,6.97,75.03,6.820909091,2.031740409,0.3968327,-1.224635733
4,1.24,0.88,6.93,5.85,6.78,2.86,8.91,7.58,6.66,0.7,2.65,51.04,4.64,3.009890363,-0.143678052,-1.766198546
5,4.51,7.53,6.53,7.77,7.33,5.36,5.05,6.45,6.55,5.11,6.15,68.34,6.212727273,1.08984486,-0.087734395,-1.214481455
6,9.38,8.6,9.91,8.3,8.75,8.07,8.19,9.58,9.31,8.36,8.82,97.27,8.842727273,0.617123827,0.440272173,-1.124665477
